"","gu","dong","total","perc_inv","result"
"1","강서구","방화1동",3039,33.7863436123348,102676.698237885
"2","강서구","화곡1동",2477,33.7863436123348,83688.7731277533
"3","강서구","우장산동",2467,33.7863436123348,83350.90969163
"4","강서구","염창동",2430,33.7863436123348,82100.8149779736
"5","강서구","발산1동",2289,33.7863436123348,77336.9405286344
"6","강서구","공항동",2060,33.7863436123348,69599.8678414097
"7","중랑구","신내1동",2281,29.0675675675676,66303.1216216216
"8","송파구","위례동",3016,21.0407643312102,63458.9452229299
"9","서초구","양재1동",2805,21.9136029411765,61467.65625
"10","강서구","화곡본동",1799,33.7863436123348,60781.6321585903
"11","도봉구","창2동",1418,41.4971098265896,58842.9017341041
"12","강북구","삼각산동",1919,29.1990521327014,56032.981042654
"13","도봉구","방학3동",1215,41.4971098265896,50418.9884393064
"14","도봉구","도봉2동",1182,41.4971098265896,49049.5838150289
"15","도봉구","창4동",1176,41.4971098265896,48800.6011560694
"16","중랑구","묵1동",1667,29.0675675675676,48455.6351351351
"17","도봉구","창5동",1147,41.4971098265896,47597.1849710983
"18","강남구","세곡동",3057,15.484237074401,47335.3127364439
"19","송파구","잠실4동",2222,21.0407643312102,46752.578343949
"20","강서구","가양1동",1360,33.7863436123348,45949.4273127753
"21","도봉구","창1동",1099,41.4971098265896,45605.323699422
"22","송파구","잠실2동",2139,21.0407643312102,45006.1949044586
"23","도봉구","방학1동",1049,41.4971098265896,43530.4682080925
"24","동작구","상도1동",2141,19.6155555555556,41996.9044444444
"25","송파구","잠실3동",1991,21.0407643312102,41892.1617834395
"26","송파구","오금동",1980,21.0407643312102,41660.7133757962
"27","강서구","등촌3동",1214,33.7863436123348,41016.6211453745
"28","송파구","장지동",1933,21.0407643312102,40671.7974522293
"29","강서구","화곡8동",1177,33.7863436123348,39766.5264317181
"30","중랑구","면목본동",1283,29.0675675675676,37293.6891891892
"31","강서구","등촌1동",1086,33.7863436123348,36691.9691629956
"32","서초구","내곡동",1628,21.9136029411765,35675.3455882353
"33","강서구","방화3동",1055,33.7863436123348,35644.5925110132
"34","은평구","진관동",2655,13.2664188351921,35222.3420074349
"35","강서구","화곡6동",1038,33.7863436123348,35070.2246696035
"36","노원구","상계8동",2079,16.4342465753425,34166.798630137
"37","서초구","서초4동",1551,21.9136029411765,33987.9981617647
"38","중랑구","상봉1동",1165,29.0675675675676,33863.7162162162
"39","강북구","인수동",1155,29.1990521327014,33724.9052132701
"40","서초구","잠원동",1534,21.9136029411765,33615.4669117647
"41","송파구","가락2동",1592,21.0407643312102,33496.8968152866
"42","강서구","등촌2동",991,33.7863436123348,33482.2665198238
"43","강서구","화곡2동",990,33.7863436123348,33448.4801762115
"44","강서구","화곡4동",970,33.7863436123348,32772.7533039648
"45","중랑구","망우본동",1121,29.0675675675676,32584.7432432432
"46","노원구","공릉2동",1952,16.4342465753425,32079.6493150685
"47","강동구","길동",1996,15.7795031055901,31495.8881987578
"48","용산구","이촌1동",1629,19.2926829268293,31427.7804878049
"49","도봉구","쌍문1동",756,41.4971098265896,31371.8150289017
"50","노원구","상계6.7동",1894,16.4342465753425,31126.4630136986
"51","도봉구","쌍문2동",749,41.4971098265896,31081.3352601156
"52","광진구","자양3동",1579,19.6361185983828,31005.4312668464
"53","광진구","광장동",1574,19.6361185983828,30907.2506738545
"54","도봉구","쌍문4동",744,41.4971098265896,30873.8497109827
"55","영등포구","문래동",2135,14.438566552901,30826.3395904437
"56","강북구","삼양동",1045,29.1990521327014,30513.009478673
"57","강동구","고덕1동",1930,15.7795031055901,30454.4409937888
"58","강서구","화곡3동",901,33.7863436123348,30441.4955947137
"59","마포구","아현동",1910,15.875,30321.25
"60","구로구","오류2동",2480,12.2261904761905,30320.9523809524
"61","중랑구","면목2동",1019,29.0675675675676,29619.8513513513
"62","은평구","역촌동",2219,13.2664188351921,29438.1833952912
"63","강서구","방화2동",864,33.7863436123348,29191.4008810573
"64","마포구","성산2동",1835,15.875,29130.625
"65","노원구","월계3동",1772,16.4342465753425,29121.4849315068
"66","서초구","반포1동",1320,21.9136029411765,28925.9558823529
"67","중랑구","신내2동",990,29.0675675675676,28776.8918918919
"68","구로구","신도림동",2339,12.2261904761905,28597.0595238095
"69","동작구","상도2동",1444,19.6155555555556,28324.8622222222
"70","중랑구","중화1동",967,29.0675675675676,28108.3378378378
"71","송파구","석촌동",1335,21.0407643312102,28089.4203821656
"72","도봉구","방학2동",674,41.4971098265896,27969.0520231214
"73","동작구","대방동",1420,19.6155555555556,27854.0888888889
"74","동작구","노량진1동",1409,19.6155555555556,27638.3177777778
"75","서초구","반포2동",1260,21.9136029411765,27611.1397058824
"76","마포구","공덕동",1720,15.875,27305
"77","양천구","신정3동",2375,11.4903433476395,27289.5654506438
"78","도봉구","도봉1동",655,41.4971098265896,27180.6069364162
"79","강남구","역삼2동",1755,15.484237074401,27174.8360655738
"80","서대문구","남가좌1동",1312,20.6739130434783,27124.1739130435
"81","송파구","삼전동",1285,21.0407643312102,27037.3821656051
"82","동작구","사당2동",1369,19.6155555555556,26853.6955555556
"83","노원구","상계1동",1630,16.4342465753425,26787.8219178082
"84","금천구","독산1동",1981,13.4630681818182,26670.3380681818
"85","송파구","풍납2동",1260,21.0407643312102,26511.3630573248
"86","도봉구","쌍문3동",626,41.4971098265896,25977.1907514451
"87","동작구","사당3동",1322,19.6155555555556,25931.7644444444
"88","영등포구","당산2동",1789,14.438566552901,25830.5955631399
"89","송파구","가락본동",1227,21.0407643312102,25817.0178343949
"90","노원구","중계2.3동",1569,16.4342465753425,25785.3328767123
"91","광진구","구의3동",1313,19.6361185983828,25782.2237196766
"92","중랑구","면목3.8동",883,29.0675675675676,25666.6621621622
"93","성동구","옥수동",1835,13.939736346516,25579.4161958569
"94","강동구","암사1동",1621,15.7795031055901,25578.5745341615
"95","동작구","흑석동",1299,19.6155555555556,25480.6066666667
"96","노원구","공릉1동",1550,16.4342465753425,25473.0821917808
"97","영등포구","여의동",1763,14.438566552901,25455.1928327645
"98","서대문구","북가좌2동",1231,20.6739130434783,25449.5869565217
"99","마포구","상암동",1602,15.875,25431.75
"100","강북구","송중동",856,29.1990521327014,24994.3886255924
"101","동작구","상도4동",1267,19.6155555555556,24852.9088888889
"102","은평구","불광1동",1873,13.2664188351921,24848.0024783147
"103","강북구","송천동",850,29.1990521327014,24819.1943127962
"104","송파구","문정2동",1173,21.0407643312102,24680.8165605096
"105","서초구","양재2동",1120,21.9136029411765,24543.2352941176
"106","광진구","자양2동",1233,19.6361185983828,24211.3342318059
"107","중랑구","중화2동",831,29.0675675675676,24155.1486486486
"108","광진구","중곡4동",1229,19.6361185983828,24132.7897574124
"109","서초구","방배4동",1091,21.9136029411765,23907.7408088235
"110","중랑구","묵2동",822,29.0675675675676,23893.5405405405
"111","강서구","가양3동",707,33.7863436123348,23886.9449339207
"112","송파구","송파1동",1119,21.0407643312102,23544.6152866242
"113","도봉구","창3동",567,41.4971098265896,23528.8612716763
"114","성동구","왕십리도선동",1685,13.939736346516,23488.4557438795
"115","서초구","서초3동",1068,21.9136029411765,23403.7279411765
"116","중랑구","면목4동",804,29.0675675675676,23370.3243243243
"117","강북구","우이동",800,29.1990521327014,23359.2417061611
"118","서대문구","연희동",1129,20.6739130434783,23340.847826087
"119","강동구","강일동",1461,15.7795031055901,23053.8540372671
"120","강북구","수유2동",786,29.1990521327014,22950.4549763033
"121","서초구","반포4동",1045,21.9136029411765,22899.7150735294
"122","강남구","도곡2동",1476,15.484237074401,22854.7339218159
"123","성북구","길음1동",2444,9.26223453370268,22636.9012003693
"124","중랑구","면목7동",764,29.0675675675676,22207.6216216216
"125","서대문구","북가좌1동",1074,20.6739130434783,22203.7826086957
"126","구로구","개봉2동",1816,12.2261904761905,22202.7619047619
"127","강남구","삼성2동",1427,15.484237074401,22096.0063051702
"128","동대문구","장안1동",1740,12.3951473136915,21567.5563258232
"129","송파구","방이2동",1024,21.0407643312102,21545.7426751592
"130","서초구","방배2동",979,21.9136029411765,21453.4172794118
"131","강남구","청담동",1385,15.484237074401,21445.6683480454
"132","송파구","잠실본동",1008,21.0407643312102,21209.0904458599
"133","동작구","상도3동",1081,19.6155555555556,21204.4155555556
"134","광진구","구의2동",1058,19.6361185983828,20775.0134770889
"135","강동구","천호2동",1315,15.7795031055901,20750.0465838509
"136","마포구","용강동",1302,15.875,20669.25
"137","동대문구","답십리1동",1667,12.3951473136915,20662.7105719237
"138","강북구","수유3동",707,29.1990521327014,20643.7298578199
"139","송파구","송파2동",976,21.0407643312102,20535.7859872611
"140","강동구","둔촌2동",1301,15.7795031055901,20529.1335403727
"141","서초구","서초1동",934,21.9136029411765,20467.3051470588
"142","강남구","압구정동",1319,15.484237074401,20423.7087011349
"143","강북구","수유1동",695,29.1990521327014,20293.3412322275
"144","서대문구","북아현동",971,20.6739130434783,20074.3695652174
"145","금천구","시흥1동",1479,13.4630681818182,19911.8778409091
"146","서대문구","홍은2동",963,20.6739130434783,19908.9782608696
"147","동작구","신대방2동",1003,19.6155555555556,19674.4022222222
"148","동대문구","장안2동",1585,12.3951473136915,19646.308492201
"149","서대문구","천연동",944,20.6739130434783,19516.1739130435
"150","성동구","금호2.3가동",1391,13.939736346516,19390.1732580038
"151","서초구","반포3동",880,21.9136029411765,19283.9705882353
"152","동작구","신대방1동",980,19.6155555555556,19223.2444444444
"153","서대문구","홍제1동",927,20.6739130434783,19164.7173913043
"154","강북구","번3동",654,29.1990521327014,19096.1800947867
"155","송파구","문정1동",906,21.0407643312102,19062.9324840764
"156","구로구","구로5동",1557,12.2261904761905,19036.1785714286
"157","마포구","서강동",1195,15.875,18970.625
"158","성동구","행당2동",1358,13.939736346516,18930.1619585687
"159","서초구","서초2동",860,21.9136029411765,18845.6985294118
"160","서대문구","남가좌2동",909,20.6739130434783,18792.5869565217
"161","강동구","천호3동",1188,15.7795031055901,18746.049689441
"162","구로구","개봉1동",1532,12.2261904761905,18730.5238095238
"163","은평구","응암2동",1408,13.2664188351921,18679.1177199504
"164","강동구","암사3동",1164,15.7795031055901,18367.3416149068
"165","중랑구","상봉2동",630,29.0675675675676,18312.5675675676
"166","강남구","일원본동",1181,15.484237074401,18286.8839848676
"167","영등포구","양평2동",1263,14.438566552901,18235.909556314
"168","관악구","은천동",1567,11.622864651774,18213.0289093298
"169","노원구","월계2동",1100,16.4342465753425,18077.6712328767
"170","서초구","방배3동",822,21.9136029411765,18012.9816176471
"171","은평구","녹번동",1348,13.2664188351921,17883.1325898389
"172","송파구","잠실6동",847,21.0407643312102,17821.527388535
"173","서대문구","홍은1동",859,20.6739130434783,17758.8913043478
"174","강동구","천호1동",1125,15.7795031055901,17751.9409937888
"175","중랑구","망우3동",607,29.0675675675676,17644.0135135135
"176","양천구","목5동",1518,11.4903433476395,17442.3412017167
"177","성북구","종암동",1876,9.26223453370268,17375.9519852262
"178","강북구","미아동",591,29.1990521327014,17256.6398104265
"179","용산구","원효로1동",894,19.2926829268293,17247.6585365854
"180","마포구","합정동",1085,15.875,17224.375
"181","서초구","방배본동",786,21.9136029411765,17224.0919117647
"182","강동구","성내1동",1077,15.7795031055901,16994.5248447205
"183","광진구","중곡2동",865,19.6361185983828,16985.2425876011
"184","양천구","목1동",1463,11.4903433476395,16810.3723175966
"185","관악구","성현동",1442,11.622864651774,16760.1708278581
"186","노원구","상계9동",1019,16.4342465753425,16746.497260274
"187","은평구","구산동",1259,13.2664188351921,16702.4213135068
"188","서초구","방배1동",758,21.9136029411765,16610.5110294118
"189","구로구","구로1동",1351,12.2261904761905,16517.5833333333
"190","마포구","도화동",1036,15.875,16446.5
"191","은평구","갈현2동",1216,13.2664188351921,16131.9653035936
"192","마포구","신수동",1015,15.875,16113.125
"193","강북구","번2동",540,29.1990521327014,15767.4881516588
"194","양천구","신정4동",1353,11.4903433476395,15546.4345493562
"195","구로구","고척2동",1269,12.2261904761905,15515.0357142857
"196","강동구","성내3동",981,15.7795031055901,15479.6925465839
"197","동대문구","전농1동",1246,12.3951473136915,15444.3535528596
"198","은평구","신사1동",1162,13.2664188351921,15415.5786864932
"199","광진구","자양1동",785,19.6361185983828,15414.3530997305
"200","광진구","구의1동",782,19.6361185983828,15355.4447439353
"201","강북구","번1동",525,29.1990521327014,15329.5023696682
"202","노원구","월계1동",932,16.4342465753425,15316.7178082192
"203","영등포구","영등포본동",1057,14.438566552901,15261.5648464164
"204","강남구","도곡1동",983,15.484237074401,15221.0050441362
"205","양천구","목2동",1317,11.4903433476395,15132.7821888412
"206","강동구","명일1동",951,15.7795031055901,15006.3074534161
"207","영등포구","신길7동",1037,14.438566552901,14972.7935153584
"208","송파구","마천1동",709,21.0407643312102,14917.901910828
"209","은평구","대조동",1124,13.2664188351921,14911.4547707559
"210","강남구","대치2동",957,15.484237074401,14818.4148802018
"211","동대문구","답십리2동",1194,12.3951473136915,14799.8058925477
"212","구로구","수궁동",1209,12.2261904761905,14781.4642857143
"213","송파구","거여2동",701,21.0407643312102,14749.5757961783
"214","영등포구","대림3동",1014,14.438566552901,14640.7064846416
"215","강동구","성내2동",918,15.7795031055901,14485.5838509317
"216","서대문구","신촌동",692,20.6739130434783,14306.347826087
"217","강남구","논현2동",922,15.484237074401,14276.4665825977
"218","관악구","미성동",1225,11.622864651774,14238.0091984231
"219","노원구","하계2동",864,16.4342465753425,14199.1890410959
"220","용산구","후암동",734,19.2926829268293,14160.8292682927
"221","용산구","한남동",729,19.2926829268293,14064.3658536585
"222","금천구","시흥2동",1043,13.4630681818182,14041.9801136364
"223","광진구","군자동",715,19.6361185983828,14039.8247978437
"224","은평구","응암1동",1053,13.2664188351921,13969.5390334572
"225","강동구","암사2동",882,15.7795031055901,13917.5217391304
"226","강서구","가양2동",410,33.7863436123348,13852.4008810573
"227","영등포구","당산1동",959,14.438566552901,13846.5853242321
"228","영등포구","양평1동",959,14.438566552901,13846.5853242321
"229","동작구","사당1동",698,19.6155555555556,13691.6577777778
"230","마포구","망원2동",852,15.875,13525.5
"231","강남구","역삼1동",873,15.484237074401,13517.7389659521
"232","송파구","마천2동",635,21.0407643312102,13360.8853503185
"233","성동구","금호4가동",957,13.939736346516,13340.3276836158
"234","송파구","방이1동",625,21.0407643312102,13150.4777070064
"235","용산구","원효로2동",668,19.2926829268293,12887.512195122
"236","노원구","상계5동",784,16.4342465753425,12884.4493150685
"237","노원구","상계3.4동",783,16.4342465753425,12868.0150684931
"238","영등포구","영등포동",888,14.438566552901,12821.4470989761
"239","관악구","청림동",1096,11.622864651774,12738.6596583443
"240","은평구","불광2동",956,13.2664188351921,12682.6964064436
"241","노원구","상계10동",770,16.4342465753425,12654.3698630137
"242","성북구","월곡1동",1365,9.26223453370268,12642.9501385042
"243","구로구","구로3동",1031,12.2261904761905,12605.2023809524
"244","양천구","신월2동",1097,11.4903433476395,12604.9066523605
"245","광진구","중곡1동",634,19.6361185983828,12449.2991913747
"246","양천구","신월4동",1079,11.4903433476395,12398.080472103
"247","마포구","망원1동",780,15.875,12382.5
"248","노원구","중계4동",752,16.4342465753425,12358.5534246575
"249","광진구","중곡3동",626,19.6361185983828,12292.2102425876
"250","성동구","금호1가동",874,13.939736346516,12183.329566855
"251","영등포구","도림동",840,14.438566552901,12128.3959044369
"252","관악구","난곡동",1042,11.622864651774,12111.0249671485
"253","동대문구","용신동",977,12.3951473136915,12110.0589254766
"254","양천구","신정6동",1053,11.4903433476395,12099.3315450644
"255","송파구","오륜동",575,21.0407643312102,12098.4394904459
"256","구로구","개봉3동",983,12.2261904761905,12018.3452380952
"257","구로구","고척1동",983,12.2261904761905,12018.3452380952
"258","성동구","왕십리2동",861,13.939736346516,12002.1129943503
"259","관악구","보라매동",1026,11.622864651774,11925.0591327201
"260","송파구","풍납1동",564,21.0407643312102,11866.9910828025
"261","성동구","마장동",850,13.939736346516,11848.7758945386
"262","서대문구","홍제2동",573,20.6739130434783,11846.152173913
"263","광진구","자양4동",600,19.6361185983828,11781.6711590297
"264","성북구","돈암2동",1264,9.26223453370268,11707.4644506002
"265","동작구","사당5동",596,19.6155555555556,11690.8711111111
"266","양천구","신정7동",1015,11.4903433476395,11662.6984978541
"267","양천구","목3동",1013,11.4903433476395,11639.7178111588
"268","중랑구","면목5동",399,29.0675675675676,11597.9594594595
"269","동작구","사당4동",591,19.6155555555556,11592.7933333333
"270","강남구","대치1동",747,15.484237074401,11566.7250945776
"271","금천구","독산3동",855,13.4630681818182,11510.9232954545
"272","노원구","하계1동",699,16.4342465753425,11487.5383561644
"273","용산구","한강로동",595,19.2926829268293,11479.1463414634
"274","노원구","상계2동",696,16.4342465753425,11438.2356164384
"275","용산구","용문동",592,19.2926829268293,11421.2682926829
"276","노원구","중계1동",693,16.4342465753425,11388.9328767123
"277","구로구","오류1동",929,12.2261904761905,11358.130952381
"278","성북구","정릉4동",1220,9.26223453370268,11299.9261311173
"279","금천구","시흥4동",838,13.4630681818182,11282.0511363636
"280","강남구","개포4동",724,15.484237074401,11210.5876418663
"281","마포구","서교동",706,15.875,11207.75
"282","마포구","성산1동",703,15.875,11160.125
"283","서대문구","홍제3동",537,20.6739130434783,11101.8913043478
"284","성북구","석관동",1181,9.26223453370268,10938.6989843029
"285","은평구","신사2동",824,13.2664188351921,10931.5291201983
"286","성동구","성수1가1동",777,13.939736346516,10831.1751412429
"287","동대문구","휘경2동",869,12.3951473136915,10771.3830155979
"288","영등포구","신길6동",746,14.438566552901,10771.1706484642
"289","양천구","신월7동",936,11.4903433476395,10754.9613733906
"290","은평구","갈현1동",808,13.2664188351921,10719.2664188352
"291","관악구","행운동",917,11.622864651774,10658.1668856767
"292","관악구","인헌동",898,11.622864651774,10437.332457293
"293","양천구","신정1동",897,11.4903433476395,10306.8379828326
"294","성동구","응봉동",738,13.939736346516,10287.5254237288
"295","강남구","신사동",663,15.484237074401,10266.0491803279
"296","노원구","중계본동",624,16.4342465753425,10254.9698630137
"297","동대문구","이문2동",825,12.3951473136915,10225.9965337955
"298","서대문구","충현동",492,20.6739130434783,10171.5652173913
"299","동대문구","전농2동",819,12.3951473136915,10151.6256499133
"300","관악구","난향동",871,11.622864651774,10123.5151116951
"301","강남구","일원2동",646,15.484237074401,10002.8171500631
"302","용산구","서빙고동",509,19.2926829268293,9819.9756097561
"303","양천구","목4동",852,11.4903433476395,9789.77253218884
"304","관악구","남현동",842,11.622864651774,9786.45203679369
"305","용산구","청파동",507,19.2926829268293,9781.39024390244
"306","강남구","삼성1동",629,15.484237074401,9739.58511979823
"307","은평구","응암3동",732,13.2664188351921,9711.0185873606
"308","성북구","정릉2동",1048,9.26223453370268,9706.82179132041
"309","동대문구","제기동",764,12.3951473136915,9469.89254766031
"310","영등포구","신길3동",647,14.438566552901,9341.75255972696
"311","구로구","구로4동",763,12.2261904761905,9328.58333333333
"312","광진구","능동",472,19.6361185983828,9268.24797843666
"313","금천구","시흥5동",676,13.4630681818182,9101.03409090909
"314","양천구","신월1동",789,11.4903433476395,9065.88090128755
"315","강남구","논현1동",584,15.484237074401,9042.79445145019
"316","성동구","성수2가1동",648,13.939736346516,9032.94915254237
"317","강남구","일원1동",583,15.484237074401,9027.31021437579
"318","금천구","독산2동",670,13.4630681818182,9020.25568181818
"319","동대문구","이문1동",718,12.3951473136915,8899.7157712305
"320","강남구","수서동",570,15.484237074401,8826.01513240857
"321","구로구","구로2동",710,12.2261904761905,8680.59523809524
"322","성동구","성수1가2동",616,13.939736346516,8586.87758945386
"323","용산구","이촌2동",443,19.2926829268293,8546.65853658537
"324","송파구","거여1동",404,21.0407643312102,8500.46878980892
"325","관악구","삼성동",725,11.622864651774,8426.57687253614
"326","송파구","잠실7동",400,21.0407643312102,8416.30573248408
"327","마포구","연남동",528,15.875,8382
"328","금천구","가산동",622,13.4630681818182,8374.02840909091
"329","강동구","명일2동",530,15.7795031055901,8363.13664596273
"330","양천구","신월5동",725,11.4903433476395,8330.49892703863
"331","성동구","행당1동",585,13.939736346516,8154.74576271186
"332","관악구","신사동",695,11.622864651774,8077.89093298292
"333","종로구","평창동",718,11.1788617886179,8026.42276422764
"334","성북구","월곡2동",864,9.26223453370268,8002.57063711911
"335","양천구","신월3동",696,11.4903433476395,7997.27896995708
"336","성북구","삼선동",858,9.26223453370268,7946.9972299169
"337","성북구","정릉1동",856,9.26223453370268,7928.47276084949
"338","관악구","서림동",677,11.622864651774,7868.67936925099
"339","동대문구","청량리동",619,12.3951473136915,7672.59618717504
"340","관악구","청룡동",639,11.622864651774,7427.01051248357
"341","은평구","증산동",555,13.2664188351921,7362.8624535316
"342","용산구","효창동",381,19.2926829268293,7350.51219512195
"343","중구","약수동",805,8.90070921985816,7165.07092198582
"344","양천구","신정2동",613,11.4903433476395,7043.580472103
"345","강남구","대치4동",448,15.484237074401,6936.93820933165
"346","금천구","독산4동",512,13.4630681818182,6893.09090909091
"347","관악구","서원동",590,11.622864651774,6857.49014454665
"348","용산구","보광동",354,19.2926829268293,6829.60975609756
"349","성북구","보문동",735,9.26223453370268,6807.74238227147
"350","광진구","화양동",344,19.6361185983828,6754.82479784367
"351","종로구","교남동",596,11.1788617886179,6662.60162601626
"352","관악구","낙성대동",568,11.622864651774,6601.78712220762
"353","용산구","용산2가동",338,19.2926829268293,6520.92682926829
"354","강남구","개포2동",418,15.484237074401,6472.41109709962
"355","중구","중림동",715,8.90070921985816,6364.00709219858
"356","서초구","반포본동",290,21.9136029411765,6354.94485294118
"357","영등포구","신길1동",436,14.438566552901,6295.21501706485
"358","성동구","성수2가3동",447,13.939736346516,6231.06214689265
"359","강동구","상일동",392,15.7795031055901,6185.5652173913
"360","관악구","조원동",532,11.622864651774,6183.36399474376
"361","종로구","청운효자동",552,11.1788617886179,6170.73170731707
"362","영등포구","대림2동",421,14.438566552901,6078.63651877133
"363","성동구","송정동",430,13.939736346516,5994.08662900188
"364","금천구","시흥3동",443,13.4630681818182,5964.13920454545
"365","성북구","장위1동",641,9.26223453370268,5937.09233610342
"366","관악구","대학동",510,11.622864651774,5927.66097240473
"367","용산구","이태원2동",307,19.2926829268293,5922.85365853659
"368","관악구","신원동",507,11.622864651774,5892.79237844941
"369","영등포구","대림1동",408,14.438566552901,5890.93515358362
"370","마포구","염리동",368,15.875,5842
"371","성북구","돈암1동",615,9.26223453370268,5696.27423822715
"372","성동구","용답동",389,13.939736346516,5422.55743879473
"373","강남구","개포1동",345,15.484237074401,5342.06179066835
"374","은평구","수색동",400,13.2664188351921,5306.56753407683
"375","성북구","성북동",562,9.26223453370268,5205.37580794091
"376","중구","황학동",569,8.90070921985816,5064.50354609929
"377","동작구","노량진2동",256,19.6155555555556,5021.58222222222
"378","중구","청구동",550,8.90070921985816,4895.39007092199
"379","종로구","혜화동",433,11.1788617886179,4840.44715447155
"380","성북구","정릉3동",522,9.26223453370268,4834.8864265928
"381","동대문구","휘경1동",388,12.3951473136915,4809.3171577123
"382","성동구","사근동",332,13.939736346516,4627.99246704331
"383","성북구","길음2동",482,9.26223453370268,4464.39704524469
"384","성북구","장위3동",474,9.26223453370268,4390.29916897507
"385","영등포구","신길5동",304,14.438566552901,4389.32423208191
"386","종로구","사직동",388,11.1788617886179,4337.39837398374
"387","중구","동화동",480,8.90070921985816,4272.34042553191
"388","마포구","대흥동",258,15.875,4095.75
"389","종로구","무악동",362,11.1788617886179,4046.74796747968
"390","관악구","신림동",346,11.622864651774,4021.5111695138
"391","성북구","동선동",431,9.26223453370268,3992.02308402585
"392","동대문구","회기동",316,12.3951473136915,3916.86655112652
"393","성북구","장위2동",422,9.26223453370268,3908.66297322253
"394","용산구","이태원1동",200,19.2926829268293,3858.53658536585
"395","관악구","중앙동",330,11.622864651774,3835.54533508541
"396","중구","다산동",421,8.90070921985816,3747.19858156028
"397","종로구","부암동",299,11.1788617886179,3342.47967479675
"398","중구","신당5동",373,8.90070921985816,3319.96453900709
"399","성북구","안암동",356,9.26223453370268,3297.35549399815
"400","영등포구","신길4동",228,14.438566552901,3291.99317406143
"401","종로구","창신3동",287,11.1788617886179,3208.33333333333
"402","용산구","남영동",152,19.2926829268293,2932.48780487805
"403","양천구","신월6동",255,11.4903433476395,2930.03755364807
"404","강동구","고덕2동",181,15.7795031055901,2856.0900621118
"405","종로구","숭인1동",224,11.1788617886179,2504.06504065041
"406","구로구","가리봉동",201,12.2261904761905,2457.46428571429
"407","종로구","숭인2동",204,11.1788617886179,2280.48780487805
"408","종로구","이화동",200,11.1788617886179,2235.77235772358
"409","종로구","창신2동",183,11.1788617886179,2045.73170731707
"410","종로구","종로1.2.3.4가동",149,11.1788617886179,1665.65040650407
"411","종로구","가회동",124,11.1788617886179,1386.17886178862
"412","중구","회현동",148,8.90070921985816,1317.30496453901
"413","종로구","창신1동",114,11.1788617886179,1274.39024390244
"414","중구","필동",141,8.90070921985816,1255
"415","중구","장충동",134,8.90070921985816,1192.69503546099
"416","중구","소공동",120,8.90070921985816,1068.08510638298
"417","중구","광희동",98,8.90070921985816,872.269503546099
"418","종로구","삼청동",68,11.1788617886179,760.162601626016
"419","송파구","가락1동",34,21.0407643312102,715.385987261147
"420","중구","명동",68,8.90070921985816,605.248226950355
"421","중구","신당1동",38,8.90070921985816,338.22695035461
"422","중구","신당2동",38,8.90070921985816,338.22695035461
"423","중구","신당3동",38,8.90070921985816,338.22695035461
"424","중구","신당4동",38,8.90070921985816,338.22695035461
"425","중구","신당6동",38,8.90070921985816,338.22695035461
"426","중구","을지로동",26,8.90070921985816,231.418439716312
"427","강동구","둔촌1동",5,15.7795031055901,78.8975155279503
"428","종로구","종로5·6가동",0,11.1788617886179,0
